{"cameraMode":{"drawMode":0,"name":"Shaded","section":"Shading Mode"},"sceneLighting":false,"audioPlay":false,"sceneViewState":{"m_AlwaysRefresh":false,"showFog":true,"showSkybox":false,"showFlares":true,"showImageEffects":true,"showParticleSystems":true,"showVisualEffectGraphs":true,"m_FxEnabled":true},"in2DMode":false,"pivot":{"x":0.17532694339752198,"y":0.037839651107788089,"z":0.6719105839729309},"rotation":{"x":-0.09733714908361435,"y":0.8662732243537903,"z":-0.18599554896354676,"w":-0.45330536365509035},"size":0.4299585223197937,"orthographic":false}