{"cameraMode":{"drawMode":0,"name":"Shaded","section":"Shading Mode"},"sceneLighting":false,"audioPlay":false,"sceneViewState":{"m_AlwaysRefresh":false,"showFog":true,"showSkybox":false,"showFlares":true,"showImageEffects":true,"showParticleSystems":true,"showVisualEffectGraphs":true,"m_FxEnabled":true},"in2DMode":false,"pivot":{"x":0.016450578346848489,"y":-0.02960643172264099,"z":0.009989619255065918},"rotation":{"x":0.004828143864870071,"y":0.9866222739219666,"z":-0.1600421965122223,"w":0.029907576739788057},"size":0.369051069021225,"orthographic":false}