{"cameraMode":{"drawMode":0,"name":"Shaded","section":"Shading Mode"},"sceneLighting":false,"audioPlay":false,"sceneViewState":{"m_AlwaysRefresh":false,"showFog":true,"showSkybox":false,"showFlares":true,"showImageEffects":true,"showParticleSystems":true,"showVisualEffectGraphs":true,"m_FxEnabled":true},"in2DMode":false,"pivot":{"x":-0.03952591493725777,"y":1.9545055627822877,"z":1.8327223062515259},"rotation":{"x":0.0021207332611083986,"y":0.9983448386192322,"z":-0.0044852811843156818,"w":0.05215026065707207},"size":0.18034696578979493,"orthographic":false}