{"cameraMode":{"drawMode":0,"name":"Shaded","section":"Shading Mode"},"sceneLighting":true,"audioPlay":false,"sceneViewState":{"m_AlwaysRefresh":false,"showFog":true,"showSkybox":true,"showFlares":true,"showImageEffects":true,"showParticleSystems":true,"showVisualEffectGraphs":true,"m_FxEnabled":true},"in2DMode":false,"pivot":{"x":-7.933530330657959,"y":7.757990837097168,"z":23.330780029296876},"rotation":{"x":0.027130741626024247,"y":0.9788478016853333,"z":-0.16434025764465333,"w":0.11691779643297196},"size":0.06603517383337021,"orthographic":false}