{"cameraMode":{"drawMode":0,"name":"Shaded","section":"Shading Mode"},"sceneLighting":true,"audioPlay":false,"sceneViewState":{"m_AlwaysRefresh":false,"showFog":true,"showSkybox":true,"showFlares":true,"showImageEffects":true,"showParticleSystems":true,"showVisualEffectGraphs":true,"m_FxEnabled":true},"in2DMode":false,"pivot":{"x":-9.738964080810547,"y":-0.6740656495094299,"z":-11.327108383178711},"rotation":{"x":-0.018629537895321847,"y":0.9454453587532044,"z":-0.07823403924703598,"w":-0.31483888626098635},"size":11.018758773803711,"orthographic":false}