{"cameraMode":{"drawMode":0,"name":"Shaded","section":"Shading Mode"},"sceneLighting":true,"audioPlay":false,"sceneViewState":{"m_AlwaysRefresh":false,"showFog":true,"showSkybox":true,"showFlares":true,"showImageEffects":true,"showParticleSystems":true,"showVisualEffectGraphs":true,"m_FxEnabled":true},"in2DMode":false,"pivot":{"x":-21.188486099243165,"y":-14.411072731018067,"z":-0.5320001244544983},"rotation":{"x":-0.23115061223506928,"y":0.6741731762886047,"z":-0.23554028570652009,"w":-0.6607984304428101},"size":14.623210906982422,"orthographic":false}