{"cameraMode":{"drawMode":0,"name":"Shaded","section":"Shading Mode"},"sceneLighting":false,"audioPlay":false,"sceneViewState":{"m_AlwaysRefresh":false,"showFog":true,"showSkybox":false,"showFlares":true,"showImageEffects":true,"showParticleSystems":true,"showVisualEffectGraphs":true,"m_FxEnabled":true},"in2DMode":false,"pivot":{"x":0.6710579991340637,"y":1.3813554048538209,"z":8.299838066101075},"rotation":{"x":0.000535275845322758,"y":-0.9959864616394043,"z":0.08777249604463577,"w":0.007459074258804321},"size":0.8660253882408142,"orthographic":false}