{"cameraMode":{"drawMode":0,"name":"Shaded","section":"Shading Mode"},"sceneLighting":false,"audioPlay":false,"sceneViewState":{"m_AlwaysRefresh":false,"showFog":true,"showSkybox":false,"showFlares":true,"showImageEffects":true,"showParticleSystems":true,"showVisualEffectGraphs":true,"m_FxEnabled":true},"in2DMode":false,"pivot":{"x":0.002447187900543213,"y":1.2380414009094239,"z":0.24825716018676759},"rotation":{"x":0.020603612065315248,"y":-0.9624186158180237,"z":0.2595437467098236,"w":0.0765644907951355},"size":2.4898648262023927,"orthographic":false}