{"cameraMode":{"drawMode":0,"name":"Shaded","section":"Shading Mode"},"sceneLighting":false,"audioPlay":false,"sceneViewState":{"m_AlwaysRefresh":false,"showFog":true,"showSkybox":false,"showFlares":true,"showImageEffects":true,"showParticleSystems":true,"showVisualEffectGraphs":true,"m_FxEnabled":true},"in2DMode":false,"pivot":{"x":-0.6462575197219849,"y":0.4787333011627197,"z":0.5130864381790161},"rotation":{"x":-0.1262315809726715,"y":-0.8686419725418091,"z":0.28448811173439028,"w":-0.3854121267795563},"size":0.19519172608852387,"orthographic":false}