{"cameraMode":{"drawMode":0,"name":"Shaded","section":"Shading Mode"},"sceneLighting":true,"audioPlay":false,"sceneViewState":{"m_AlwaysRefresh":false,"showFog":true,"showSkybox":true,"showFlares":true,"showImageEffects":true,"showParticleSystems":true,"showVisualEffectGraphs":true,"m_FxEnabled":true},"in2DMode":false,"pivot":{"x":-27.6635799407959,"y":11.292960166931153,"z":26.751047134399415},"rotation":{"x":-0.059065356850624087,"y":-0.8828210830688477,"z":0.11526494473218918,"w":-0.45122748613357546},"size":12.333467483520508,"orthographic":false}