{"cameraMode":{"drawMode":0,"name":"Shaded","section":"Shading Mode"},"sceneLighting":true,"audioPlay":false,"sceneViewState":{"m_AlwaysRefresh":false,"showFog":true,"showSkybox":true,"showFlares":true,"showImageEffects":true,"showParticleSystems":true,"showVisualEffectGraphs":true,"m_FxEnabled":true},"in2DMode":false,"pivot":{"x":7.861173152923584,"y":19.43042755126953,"z":10.093578338623047},"rotation":{"x":0.07921278476715088,"y":-0.8038354516029358,"z":0.5791048407554627,"w":0.10989224165678024},"size":0.6879351139068604,"orthographic":false}