{"cameraMode":{"drawMode":0,"name":"Shaded","section":"Shading Mode"},"sceneLighting":true,"audioPlay":false,"sceneViewState":{"m_AlwaysRefresh":false,"showFog":true,"showSkybox":true,"showFlares":true,"showImageEffects":true,"showParticleSystems":true,"showVisualEffectGraphs":true,"m_FxEnabled":true},"in2DMode":false,"pivot":{"x":221.6740264892578,"y":-143.98167419433595,"z":1397.2020263671875},"rotation":{"x":-0.12198305875062943,"y":0.8737570643424988,"z":-0.37194907665252688,"w":-0.28771325945854189},"size":1396.9173583984375,"orthographic":false}