{"cameraMode":{"drawMode":0,"name":"Shaded","section":"Shading Mode"},"sceneLighting":true,"audioPlay":false,"sceneViewState":{"m_AlwaysRefresh":false,"showFog":true,"showSkybox":true,"showFlares":true,"showImageEffects":true,"showParticleSystems":true,"showVisualEffectGraphs":true,"m_FxEnabled":true},"in2DMode":false,"pivot":{"x":0.9409971833229065,"y":2.1872379779815676,"z":2.0138707160949709},"rotation":{"x":0.019024938344955446,"y":0.9146209359169006,"z":-0.4011896550655365,"w":0.04186377301812172},"size":0.7942726016044617,"orthographic":false}