{"cameraMode":{"drawMode":0,"name":"Shaded","section":"Shading Mode"},"sceneLighting":true,"audioPlay":false,"sceneViewState":{"m_AlwaysRefresh":false,"showFog":true,"showSkybox":true,"showFlares":true,"showImageEffects":true,"showParticleSystems":true,"showVisualEffectGraphs":true,"m_FxEnabled":true},"in2DMode":false,"pivot":{"x":3.4288742542266847,"y":-0.13921116292476655,"z":3.0761618614196779},"rotation":{"x":-0.21825049817562104,"y":-0.7445194721221924,"z":0.28995099663734438,"w":-0.5602602958679199},"size":2.489865303039551,"orthographic":false}