{"cameraMode":{"drawMode":0,"name":"Shaded","section":"Shading Mode"},"sceneLighting":true,"audioPlay":false,"sceneViewState":{"m_AlwaysRefresh":false,"showFog":true,"showSkybox":true,"showFlares":true,"showImageEffects":true,"showParticleSystems":true,"showVisualEffectGraphs":true,"m_FxEnabled":true},"in2DMode":false,"pivot":{"x":-1.4049700498580933,"y":0.8300174474716187,"z":-0.8336928486824036},"rotation":{"x":-0.01721007563173771,"y":0.9633539319038391,"z":-0.2582823634147644,"w":-0.06694912910461426},"size":2.500002145767212,"orthographic":false}