{"cameraMode":{"drawMode":0,"name":"Shaded","section":"Shading Mode"},"sceneLighting":true,"audioPlay":false,"sceneViewState":{"m_AlwaysRefresh":false,"showFog":true,"showSkybox":true,"showFlares":true,"showImageEffects":true,"showParticleSystems":true,"showVisualEffectGraphs":true,"m_FxEnabled":true},"in2DMode":false,"pivot":{"x":-0.6032915711402893,"y":1.6854912042617798,"z":-0.2596575915813446},"rotation":{"x":0.027612710371613504,"y":0.9075902104377747,"z":0.058894332498311999,"w":-0.41427144408226015},"size":2.4915692806243898,"orthographic":false}