{"cameraMode":{"drawMode":0,"name":"Shaded","section":"Shading Mode"},"sceneLighting":true,"audioPlay":false,"sceneViewState":{"m_AlwaysRefresh":false,"showFog":true,"showSkybox":true,"showFlares":true,"showImageEffects":true,"showParticleSystems":true,"showVisualEffectGraphs":true,"m_FxEnabled":true},"in2DMode":false,"pivot":{"x":-2.1009557247161867,"y":1.742749571800232,"z":2.8116259574890138},"rotation":{"x":0.009453300386667252,"y":-0.6717858910560608,"z":0.00877230055630207,"w":0.7404558658599854},"size":0.3281139135360718,"orthographic":false}