{"cameraMode":{"drawMode":0,"name":"Shaded","section":"Shading Mode"},"sceneLighting":false,"audioPlay":false,"sceneViewState":{"m_AlwaysRefresh":false,"showFog":true,"showSkybox":false,"showFlares":true,"showImageEffects":true,"showParticleSystems":true,"showVisualEffectGraphs":true,"m_FxEnabled":true},"in2DMode":false,"pivot":{"x":-0.38828378915786745,"y":0.12655191123485566,"z":0.1472555547952652},"rotation":{"x":0.01329723559319973,"y":0.9484252333641052,"z":-0.3140964210033417,"w":0.04014050215482712},"size":0.7822005152702332,"orthographic":false}