{"cameraMode":{"drawMode":0,"name":"Shaded","section":"Shading Mode"},"sceneLighting":false,"audioPlay":false,"sceneViewState":{"m_AlwaysRefresh":false,"showFog":true,"showSkybox":false,"showFlares":true,"showImageEffects":true,"showParticleSystems":true,"showVisualEffectGraphs":true,"m_FxEnabled":true},"in2DMode":false,"pivot":{"x":102.69739532470703,"y":0.14000000059604646,"z":7.222191333770752},"rotation":{"x":0.004828143864870071,"y":0.9866222739219666,"z":-0.1600421965122223,"w":0.029907576739788057},"size":0.33512476086616518,"orthographic":false}