{"cameraMode":{"drawMode":0,"name":"Shaded","section":"Shading Mode"},"sceneLighting":false,"audioPlay":false,"sceneViewState":{"m_AlwaysRefresh":false,"showFog":true,"showSkybox":false,"showFlares":true,"showImageEffects":true,"showParticleSystems":true,"showVisualEffectGraphs":true,"m_FxEnabled":true},"in2DMode":false,"pivot":{"x":-0.23998510837554933,"y":0.0463675782084465,"z":0.21551081538200379},"rotation":{"x":0.13042373955249787,"y":0.8688212037086487,"z":-0.3559366464614868,"w":0.3184358775615692},"size":0.4184892475605011,"orthographic":false}